LIZARDNUMBER,DATE,TIME,EASTING,NORTHING,Distance Moved (m)
F104,5/2/07,0:00,501650,3591775,NA
F104,5/3/07,0:00,501650,3591775,0
F104,5/6/07,0:00,501561,3591915,166
F104,5/17/07,0:00,501377,3591812,211
F104,5/23/07,0:00,501649,3591805,272
F104,6/1/07,0:00,501411,3591819,238
F104,6/5/07,0:00,501526,3591932,161
F104,6/10/07,0:00,501526,3591932,0
F104,6/12/07,0:00,501526,3591932,0
F104,6/20/07,0:00,501526,3591932,0
F104,6/27/07,0:00,501526,3591932,0
F104,7/3/07,0:00,501526,3591931,1
F104,7/5/07,0:00,501396,3591904,133
F104,8/16/07,0:00,501409,3591819,86
F104,8/22/07,0:00,501412,3591818,3
F104,8/28/07,0:00,501327,3591791,89
F104,5/7/08,9:13,501679,3591945,0
F104,5/8/08,9:28,501679,3591945,0
F104,5/12/08,20:13,501679,3591945,0
F104,5/20/08,10:02,501704,3591959,29
F104,5/21/08,18:48,501740,3591991,48
F104,5/25/08,18:18,501740,3591991,0
F104,5/27/08,19:02,501740,3591991,0
F104,5/28/08,20:25,501740,3591991,0
F104,6/2/08,21:03,501745,3591991,5
F104,6/3/08,20:25,501745,3591991,0
F104,6/5/08,19:34,501745,3591991,0
F104,6/11/08,20:18,501745,3591991,0
F104,6/19/08,21:12,501745,3591991,0
F104,6/21/08,20:21,501745,3591991,0
F104,6/22/08,20:37,501745,3591991,0
F104,6/24/08,19:28,501745,3591991,0
F104,6/26/08,20:04,501709,3591978,38
F104,6/28/08,20:10,501709,3591978,0
F104,6/30/08,19:52,501711,3591957,21
F104,7/2/08,20:35,501709,3591957,2
F104,7/9/08,20:01,501630,3591951,79
F104,7/9/08,23:57,501630,3591951,0
F104,7/12/08,19:50,501580,3591892,77
F104,7/15/08,20:55,501550,3591890,30
F104,7/17/08,8:14,501550,3591890,0
F104,7/22/08,21:55,501550,3591890,0
F104,7/26/08,7:24,501573,3591882,24
F104,7/27/08,7:22,501576,3591885,4
F104,7/29/08,8:54,501575,3591884,1
F104,8/4/08,21:31,501442,3591894,133
F104,8/11/08,21:33,501466,3591749,147
F104,8/25/08,20:44,501336,3591804,141
F104,9/3/08,10:17,501431,3591906,139
F104,9/5/08,20:08,501431,3591906,0
F104,9/11/08,9:09,501462,3591743,166
F104,9/18/08,9:29,501532,3591744,70
F104,9/19/08,21:15,501526,3591760,17
F104,9/25/08,10:11,501552,3591747,29
F104,9/28/08,18:14,501552,3591747,0
F104,10/5/08,8:18,501688,3591947,242
F104,10/10/08,11:41,501692,3591942,6
F104,10/17/08,12:01,501716,3591974,40
F104,10/24/08,15:11,501732,3591996,27
F104,11/8/08,12:57,501716,3592001,17
F104,3/28/09,0:00,501678,3591947,66
F104,4/9/09,0:00,501679,3591949,2
F104,4/10/09,0:00,501679,3591949,0
F104,4/13/09,0:00,501679,3591949,0
F104,4/16/09,0:00,501743,3591988,75
F104,4/17/09,0:00,501743,3591989,1
F104,4/18/09,0:00,501743,3591989,0
F104,4/20/09,0:00,501743,3591989,0
F104,4/21/09,0:00,501732,3591918,72
F104,4/23/09,0:00,501679,3591949,61
F104,4/30/09,0:00,501547,3591823,182
F104,5/12/09,0:00,501428,3591783,126
F104,5/13/09,0:00,501428,3591783,0
F104,5/14/09,0:00,501428,3591783,0
F104,5/18/09,0:00,501428,3591783,0
F104,5/19/09,0:00,501452,3591777,25
F104,5/25/09,0:00,501458,3591807,31
F104,6/8/09,0:00,501428,3591782,39
F104,6/9/09,0:00,501428,3591782,0
F104,6/10/09,0:00,501428,3591782,0
F104,6/11/09,0:00,501428,3591782,0
F104,6/12/09,0:00,501428,3591782,0
F104,6/13/09,0:00,501428,3591782,0
F104,6/15/09,0:00,501428,3591782,0
F104,6/16/09,0:00,501428,3591782,0
F104,6/17/09,0:00,501428,3591782,0
F104,6/26/09,0:00,501434,3591751,32
F104,6/29/09,20:51,501604,3591984,288
F104,6/30/09,20:51,501630,3591991,27
F104,7/7/09,0:00,501682,3592006,54
F104,7/9/09,0:00,501682,3592006,4
F104,7/11/09,0:00,501682,3592006,0
F104,7/12/09,0:00,501682,3592006,0
F104,7/13/09,0:00,501682,3592006,0
F104,7/14/09,0:00,501682,3592006,0
F104,7/17/09,0:00,501709,3591979,38
F104,7/26/09,21:57,501480,3591980,229
F104,7/27/09,23:53,501493,3591955,28
F104,8/11/09,0:00,501683,3591856,214
F104,8/19/09,21:10,501412,3591778,282
F104,8/20/09,0:41,501411,3591773,5
F104,8/25/09,19:17,501340,3591874,123
F104,8/26/09,23:15,501317,3591849,34
F104,8/29/09,22:51,501317,3591849,0
F104,9/1/09,0:00,501712,3591829,396
F104,9/8/09,19:33,501643,3591792,78
F104,9/9/09,0:00,501644,3591782,10
F104,9/20/09,0:00,501452,3591756,194
F104,9/22/09,20:18,501451,3591756,1
F104,9/23/09,19:25,501451,3591756,0
F104,9/27/09,18:29,501539,3591762,88
F104,9/29/09,20:35,501532,3591761,7
F104,9/30/09,18:58,501532,3591761,0
F104,10/6/09,12:21,501610,3591847,116
F104,10/10/09,17:58,501616,3591845,6
F104,10/18/09,19:46,501650,3591957,117
F104,10/25/09,15:28,501722,3592003,85
F104,10/31/09,13:26,501722,3592003,0
F104,11/8/09,16:25,501707,3591955,50
F104,11/14/09,0:00,501706,3591962,7
F104,11/22/09,17:05,501707,3591955,7
F104,11/29/09,15:40,501707,3591955,0
F104,12/13/09,15:13,501707,3591955,0
M112,6/10/07,0:00,499691,3592539,
M112,6/12/07,0:00,499480,3592041,541
M112,6/20/07,0:00,499714,3592842,834
M112,6/27/07,0:00,499714,3592842,0
M112,7/3/07,0:00,499552,3592728,198
M112,7/5/07,0:00,499552,3592728,0
M112,8/2/07,0:00,499528,3592735,25
M112,8/2/07,0:00,499585,3592813,97
M112,8/4/07,0:00,499469,3592719,149
M112,8/16/07,0:00,499745,3592821,294
M112,8/22/07,0:00,499674,3592708,133
M112,8/27/07,0:00,499457,3592741,219
M112,8/29/07,0:00,499465,3592743,8
M112,9/5/09,3:48,499325,3592340,427
M112,9/9/09,7:54,499547,3592443,245
M112,9/14/09,18:53,499547,3592443,0
M112,9/22/09,20:48,499547,3592443,0
M112,9/23/09,18:58,499547,3592443,0
M112,9/27/09,18:02,499547,3592443,0
M112,9/29/09,20:15,499547,3592443,0
M112,9/30/09,18:27,499547,3592443,0
M112,10/5/09,17:47,499580,3592924,482
M112,10/11/09,16:09,499592,3592960,38
M112,10/18/09,16:52,499565,3593028,73
M112,10/25/09,11:59,499534,3592990,49
M112,10/31/09,14:21,499587,3592943,71
M112,11/8/09,13:17,499587,3592943,0
M112,11/22/09,16:09,499534,3592992,72
M112,11/29/09,12:43,499534,3592992,0
M112,12/13/09,13:24,499583,3592949,65
M112,12/22/09,10:40,499583,3592949,0
M112,3/25/10,13:42,499580,3592968,19
M112,4/5/10,14:23,499586,3592935,34
M112,4/24/10,14:43,499404,3592751,259
M112,4/29/10,17:37,499499,3592364,398
M112,5/6/10,14:57,499462,3592264,107
M112,5/14/10,14:23,499492,3592367,107
M112,6/1/10,18:01,499169,3592063,444
M112,6/2/10,10:23,499169,3592063,0
M112,6/7/10,15:34,499327,3592438,407
M112,6/12/10,16:00,499327,3592427,11
M112,6/17/10,9:31,499321,3592435,10
M112,8/2/10,8:32,499659,3592320,357
M112,8/2/10,0:17,499658,3592322,2
M112,8/5/10,9:36,499329,3592419,343
M112,8/5/10,22:01,499399,3592450,77
M112,8/8/10,11:21,499496,3592359,133
M112,8/9/10,20:40,499404,3592471,145
M112,8/17/10,7:09,499594,3592475,190
M112,8/23/10,23:20,499461,3592381,163
M112,8/23/10,0:01,499462,3592373,8
M112,8/24/10,8:41,499459,3592380,8
M112,9/8/10,19:55,499467,3592406,27
M112,9/9/10,8:01,499467,3592406,0
M112,9/15/10,7:33,499467,3592406,0
M112,9/16/10,21:37,499467,3592406,0
M112,9/17/10,21:32,499467,3592406,0
F114,5/17/07,0:00,499867,3592969,NA
F114,5/23/07,0:00,499865,3592967,3
F114,6/27/07,0:00,499793,3592839,147
F114,7/3/07,0:00,499793,3592839,0
F114,7/5/07,0:00,499793,3592839,0
F114,8/16/07,0:00,499592,3592646,279
F114,8/22/07,0:00,499760,3592783,217
F114,8/27/07,0:00,499735,3592632,153
F114,4/2/08,15:48,499669,3592584,82
F114,4/10/08,10:31,499769,3593170,594
F114,4/16/08,14:03,499802,3592889,283
F114,4/22/08,8:59,499820,3592895,19
F114,4/23/08,12:05,499643,3592667,289
F114,4/24/08,11:20,499676,3592547,124
F114,4/25/08,11:21,499638,3592575,47
F114,5/1/08,11:45,499806,3592889,356
F114,5/2/08,11:38,499805,3592891,2
F114,5/5/08,10:15,499805,3592891,0
F114,5/6/08,10:53,499775,3592866,39
F114,5/8/08,10:24,499761,3592829,40
F114,5/14/08,11:40,499907,3592807,148
F114,5/20/08,13:39,499907,3592807,0
F114,5/21/08,19:54,499868,3592965,163
F114,5/24/08,19:41,499868,3592965,0
F114,5/27/08,18:30,499817,3592807,166
F114,5/28/08,19:33,499817,3592807,0
F114,6/2/08,20:05,499817,3592807,0
F114,6/3/08,19:49,499817,3592807,0
F114,6/6/08,20:18,499817,3592807,0
F114,6/11/08,19:42,499817,3592807,0
F114,6/18/08,21:26,499791,3592796,28
F114,6/21/08,19:35,499791,3592796,0
F114,6/22/08,19:51,499794,3592801,6
F114,6/24/08,20:12,499794,3592801,0
F114,6/26/08,21:21,499881,3592816,88
F114,6/28/08,21:09,499829,3592887,88
F114,6/30/08,20:34,499836,3592851,37
F114,7/8/08,8:49,499842,3592850,6
F114,7/13/08,7:18,499847,3592850,5
F114,7/16/08,20:25,499754,3592915,113
F114,7/18/08,9:23,499862,3592887,112
F114,7/21/08,23:30,499818,3592750,144
F114,7/26/08,7:20,499852,3592876,131
F114,7/27/08,8:16,499836,3592856,26
F114,7/28/08,23:59,499783,3592833,58
F114,7/28/08,21:20,499785,3592823,10
F114,8/6/08,22:03,499640,3592726,174
F114,8/11/08,22:42,499704,3592722,64
F114,8/25/08,19:55,499775,3592755,78
F114,9/3/08,8:03,499748,3592833,83
F114,9/6/08,21:13,499585,3592714,202
F114,9/11/08,10:41,499881,3593087,476
F114,9/18/08,8:21,499881,3593087,0
F114,9/24/08,18:01,499881,3593087,0
F114,9/27/08,18:27,499881,3593087,0
F114,10/5/08,12:54,499936,3593039,73
F114,10/10/08,9:56,499877,3592956,102
F114,10/17/08,14:05,499760,3592878,141
F114,10/24/08,16:04,499881,3592957,145
F114,11/8/08,14:47,499721,3592991,164
F114,3/28/09,0:00,499887,3592897,191
F114,4/9/09,0:00,499887,3592897,0
F114,4/10/09,0:00,499887,3592897,0
F114,4/11/09,0:00,499887,3592897,0
F114,4/13/09,0:00,499887,3592897,0
F114,4/16/09,0:00,499717,3592944,176
F114,4/18/09,0:00,499717,3592944,0
F114,4/20/09,0:00,499717,3592944,0
F114,4/21/09,0:00,499767,3592960,52
F114,4/22/09,0:00,499767,3592960,0
F114,4/23/09,0:00,499767,3592960,0
F114,4/25/09,0:00,499743,3592955,25
F114,4/26/09,0:00,499744,3592955,1
F114,4/27/09,0:00,499744,3592955,0
F114,4/30/09,0:00,499850,3592794,193
F114,5/11/09,0:00,499796,3592622,180
F114,5/11/09,0:00,499822,3592558,69
F114,5/12/09,0:00,499744,3592580,81
F114,5/19/09,0:00,499719,3592568,28
F114,5/25/09,0:00,499840,3592902,355
F114,6/4/09,0:00,499780,3592761,153
F114,6/8/09,0:00,499780,3592761,0
F114,6/9/09,0:00,499780,3592761,0
F114,6/10/09,0:00,499784,3592770,10
F114,6/11/09,0:00,499784,3592770,0
F114,6/12/09,0:00,499788,3592773,5
F114,6/13/09,0:00,499788,3592773,0
F114,6/15/09,0:00,499788,3592773,0
F114,6/16/09,0:00,499788,3592773,0
F114,6/17/09,0:00,499788,3592773,0
F114,6/26/09,0:00,499791,3592840,67
F114,7/2/09,21:46,499791,3592841,1
F114,7/6/09,0:00,499828,3592891,62
F114,7/7/09,11:10,499866,3592938,53
F114,7/20/09,23:14,499833,3592853,91
F114,8/4/09,0:00,499621,3592715,253
F114,8/4/09,0:00,499532,3592610,138
F114,8/11/09,0:00,499879,3592682,354
F114,8/17/09,20:53,499514,3592725,368
F114,8/18/09,0:51,499571,3592756,65
F114,8/19/09,23:44,499790,3592803,224
F114,10/18/09,14:33,499792,3592797,6
F114,10/19/09,18:46,499792,3592797,0
F114,10/20/09,14:08,499792,3592797,0
F114,10/25/09,11:20,499861,3592917,138
F114,10/31/09,14:48,499861,3592917,0
F114,11/8/09,12:46,499861,3592917,0
F114,11/14/09,0:00,499727,3592993,154
F114,11/22/09,15:21,499727,3592987,6
F114,11/29/09,13:19,499727,3592987,0
F114,12/13/09,12:20,499727,3592987,0
F114,3/25/10,15:57,499808,3592921,104
F114,4/5/10,14:59,499890,3592782,161
F114,4/24/10,13:31,499890,3592898,116
F114,4/29/10,16:53,499926,3592789,115
F114,5/6/10,14:26,499585,3592815,342
F114,5/14/10,13:55,499824,3592613,313
F114,5/23/10,12:32,499702,3592733,171
F114,6/2/10,17:47,499601,3592614,156
F114,6/7/10,13:57,499571,3592646,44
F114,6/12/10,16:33,499624,3592667,57
F114,6/17/10,10:22,499675,3592830,171
F114,6/22/10,21:31,499709,3592844,37
F114,6/27/10,22:23,499772,3592878,72
F114,6/29/10,20:07,499759,3592878,13
F114,7/3/10,21:13,499759,3592878,0
F114,7/4/10,20:55,499772,3592881,13
F114,7/8/10,0:30,499786,3592834,49
F114,7/9/10,21:39,499832,3592910,89
F114,7/13/10,7:31,499814,3592843,69
F114,7/13/10,3:11,499813,3592846,3
F114,7/19/10,0:26,499697,3592906,131
F114,7/20/10,7:14,499712,3592847,61
F114,7/22/10,21:21,499728,3592915,70
F114,7/23/10,8:59,499867,3592925,139
F114,7/28/10,20:21,499885,3592891,38
F114,8/3/10,19:34,499711,3592809,192
F114,8/9/10,18:10,499870,3592812,159
F114,8/17/10,22:59,499880,3592807,11
F114,8/18/10,6:57,499880,3592807,0
F114,8/28/10,0:39,499874,3592641,166
F114,8/31/10,23:21,499859,3592642,15
F114,9/1/10,10:43,499785,3592629,75
F114,9/2/10,1:16,499785,3592629,0
F114,9/8/10,21:54,499668,3592695,134
F114,9/16/10,18:34,499625,3592713,47
F114,9/17/10,21:23,499625,3592713,0
F114,9/23/10,18:54,499625,3592713,0
F114,9/26/10,21:10,499639,3592696,22
F114,9/27/10,9:40,499625,3592713,22
F114,10/1/10,18:05,499884,3592962,359
F114,10/8/10,11:33,499883,3592968,6
F114,10/19/10,17:06,499884,3592960,8
F114,10/22/10,15:19,499884,3592960,0
F114,10/29/10,17:17,499908,3592960,24
F114,1/2/11,14:33,499742,3592953,166
F114,3/25/11,15:38,499806,3592889,91
F114,4/12/11,11:24,499840,3592896,35
F114,4/19/11,11:59,499842,3592900,4
F114,4/29/11,12:14,499745,3592973,121
F114,5/12/11,15:14,499763,3592861,113
F114,5/16/11,14:25,499766,3592860,3
F114,5/20/11,16:30,499766,3592860,0
F114,5/27/11,12:49,499711,3592847,57
F114,6/13/11,12:33,499714,3592842,6
F114,7/25/11,16:39,499803,3592865,92
F114,8/5/11,17:48,499795,3592832,34
F114,8/9/11,7:31,499623,3592670,236
F114,8/13/11,10:33,499795,3592830,235
F114,8/16/11,15:07,499684,3592731,149
F114,8/23/11,16:45,499760,3592743,77
F114,9/4/11,18:46,499856,3592678,116
F114,10/7/11,17:55,499740,3593096,434
F114,11/19/11,9:41,499771,3592950,149
F114,11/27/11,12:52,499774,3592949,3
F114,12/5/11,10:55,499774,3592949,0
F114,12/27/11,9:29,499774,3592949,0
F114,1/17/12,15:50,499752,3592960,25
F114,1/24/12,13:46,499752,3592960,0
F114,2/1/12,13:10,499752,3592960,0
F114,2/17/12,12:46,499752,3592960,0
F114,2/29/12,12:15,499806,3592888,90
F114,3/10/12,9:49,499806,3592888,0
F114,3/13/12,12:50,499863,3592911,61
F114,3/22/12,12:20,499846,3592943,36
F114,3/27/12,15:45,499752,3592971,98
F114,4/4/12,12:08,499752,3592971,0
F114,4/11/12,12:11,499862,3592773,227
F114,5/4/12,17:44,499851,3592884,112
F114,5/11/12,17:14,499775,3592741,162
F114,5/23/12,19:47,499774,3592741,1
F114,5/27/12,7:50,499786,3592764,26
F114,5/29/12,8:54,499787,3592765,1
F114,5/30/12,8:41,499785,3592764,2
F114,6/8/12,9:16,499783,3592760,4
F114,6/14/12,10:05,499783,3592764,4
F114,6/16/12,8:35,499898,3592817,127
F114,6/24/12,23:04,499791,3592839,109
F114,7/5/12,11:57,499763,3592929,94
F114,7/10/12,7:30,499767,3592930,4
F114,7/12/12,8:46,499792,3592841,92
F114,7/16/12,9:52,499730,3592885,76
F114,7/18/12,6:53,499729,3592897,12
F114,7/20/12,17:18,499813,3592808,122
F114,7/23/12,14:47,499859,3592673,143
F114,7/25/12,10:43,499872,3592811,139
F114,7/27/12,9:12,499811,3592853,74
F114,7/30/12,20:50,499874,3592784,93
F114,8/1/12,9:41,499619,3592706,267
F114,8/3/12,10:37,499673,3592727,58
F114,8/11/12,18:10,499722,3592723,49
F114,8/13/12,20:36,499781,3592860,149
F114,8/15/12,9:03,499804,3592841,30
F114,8/17/12,9:05,499765,3592841,39
F114,8/27/12,13:52,499623,3592736,177
F114,9/2/12,12:02,499705,3592649,120
F114,9/7/12,15:39,499877,3592813,238
F114,9/16/12,18:31,499664,3592596,304
F114,9/20/12,11:45,499666,3592595,2
F114,9/26/12,15:51,499735,3592729,151
F114,9/29/12,21:35,499881,3593064,365
F114,10/5/12,16:48,499779,3593183,157
F114,10/17/12,14:34,499883,3593066,157
F114,10/29/12,18:03,499882,3593067,1
F114,11/3/12,10:48,499882,3593067,0
F114,11/11/12,12:20,499882,3593067,0
F114,11/26/12,16:52,499882,3593067,0
F114,12/8/12,13:38,499881,3593066,1
F114,12/17/12,11:36,499881,3593066,0
F114,12/21/12,10:16,499883,3593065,2
F114,12/28/12,10:59,499883,3593065,0
F114,1/10/13,13:10,499883,3593065,0
F114,1/25/13,11:16,499748,3592960,171
F114,2/7/13,12:59,499748,3592960,0
F114,2/21/13,12:46,499747,3592955,5
F114,3/10/13,11:56,499815,3592898,89
F114,3/21/13,12:17,499852,3592880,41
F114,3/22/13,10:06,499849,3592922,42
M119,4/9/08,16:52,500347,3592863,
M119,4/16/08,9:49,500115,3592633,327
M119,4/21/08,10:28,500406,3592794,333
M119,4/21/08,9:47,500277,3592798,129
M119,4/23/08,14:48,500426,3593048,291
M119,4/24/08,12:37,500394,3592887,164
M119,4/25/08,8:35,500394,3592887,0
M119,5/1/08,10:12,500637,3593156,363
M119,5/2/08,10:32,500637,3593158,2
M119,5/5/08,9:20,500320,3592681,573
M119,5/6/08,10:05,500347,3592738,63
M119,5/7/08,11:22,500127,3592981,328
M119,5/7/08,9:19,500137,3592867,114
M119,5/8/08,10:55,500465,3593131,421
M119,5/14/08,10:39,500214,3592657,536
M119,5/20/08,11:27,500425,3592781,245
M119,5/22/08,17:38,500435,3592825,45
M119,5/25/08,18:55,500523,3592808,90
M119,5/26/08,18:37,500396,3592767,133
M119,5/28/08,19:06,500465,3593131,370
M119,6/2/08,18:40,500422,3592779,355
M119,6/3/08,19:08,500293,3592685,160
M119,6/6/08,19:21,500371,3592542,163
M119,6/9/08,18:30,500373,3592553,11
M119,6/11/08,21:46,500397,3592565,27
M119,6/18/08,20:14,500325,3592892,335
M119,6/21/08,19:11,500325,3592892,0
M119,6/22/08,19:59,500325,3592892,0
M119,6/24/08,21:31,500264,3592658,242
M119,6/26/08,21:41,500264,3592658,0
M119,6/28/08,21:34,500288,3592656,24
M119,6/30/08,22:40,500546,3592958,397
M119,7/7/08,23:41,500178,3592689,456
M119,7/13/08,8:19,500114,3592470,228
M119,7/15/08,22:49,500000,3592565,148
M119,7/17/08,7:05,500175,3592516,182
M119,7/18/08,8:19,500171,3592646,130
M119,7/20/08,7:26,500304,3592914,299
M119,7/21/08,22:04,500335,3592836,84
M119,7/26/08,7:47,500411,3592816,79
M119,7/27/08,8:44,500313,3592870,112
M119,7/28/08,23:02,500117,3592511,409
M119,7/29/08,18:41,500114,3592513,4
M119,7/30/08,23:11,500114,3592513,0
M119,7/31/08,10:15,500114,3592513,0
M119,7/31/08,21:32,500120,3592511,6
M119,8/4/08,22:56,500184,3592671,172
M119,8/22/08,20:05,500185,3592749,78
M119,8/27/08,8:25,500216,3592790,51
M119,9/3/08,8:40,500372,3592898,190
M119,9/11/08,11:15,500427,3592834,84
M119,9/17/08,19:01,500427,3592834,0
M119,9/25/08,7:52,500427,3592834,0
M119,9/27/08,18:31,500332,3592948,148
M119,10/10/08,8:59,500540,3592980,210
M119,10/17/08,18:16,500411,3593042,143
M119,10/23/08,17:44,500542,3593010,135
M119,11/8/08,15:36,500300,3592964,246
M119,3/28/09,0:00,500215,3592655,320
M119,4/9/09,0:00,500215,3592655,0
M119,4/10/09,0:00,500215,3592655,0
M119,4/11/09,0:00,500215,3592655,0
M119,4/13/09,0:00,500281,3592672,68
M119,4/16/09,0:00,500395,3593077,421
M119,4/18/09,0:00,500403,3593071,10
M119,4/20/09,0:00,500403,3593071,0
M119,4/21/09,0:00,500403,3593071,0
M119,4/22/09,0:00,500392,3593079,14
M119,4/23/09,0:00,500392,3593079,0
M119,4/25/09,0:00,500291,3592945,168
M119,4/26/09,0:00,500313,3592879,70
M119,4/26/09,0:00,500314,3592878,1
M119,4/27/09,0:00,500314,3592878,0
M119,4/30/09,0:00,500311,3592880,4
M119,5/11/09,0:00,500311,3592880,0
M119,5/11/09,0:00,500310,3592872,8
M119,5/12/09,0:00,500331,3592869,21
M119,5/12/09,0:00,500328,3592872,4
M119,5/13/09,0:00,500328,3592872,0
M119,5/13/09,0:00,500311,3592873,17
M119,5/25/09,0:00,500226,3592887,86
M119,6/4/09,0:00,500594,3593057,405
M119,6/8/09,0:00,500594,3593057,0
M119,6/8/09,0:00,500442,3592965,178
M119,6/26/09,0:00,500157,3592552,502
M119,7/2/09,22:30,500106,3592547,51
M119,7/9/09,20:36,500126,3592487,63
M119,7/10/09,0:00,500124,3592489,3
M119,7/11/09,0:00,500124,3592489,0
M119,7/12/09,0:00,500377,3592470,254
M119,7/13/09,0:00,500377,3592470,0
M119,7/13/09,0:00,500450,3592341,148
M119,7/14/09,0:00,500450,3592341,0
M119,7/14/09,7:45,500456,3592331,12
M119,7/25/09,23:10,500378,3592462,152
M119,8/4/09,0:00,500450,3592341,141
M119,8/4/09,0:00,500395,3592462,133
M119,8/11/09,0:00,500377,3592470,20
M119,8/13/09,23:21,500280,3592429,105
M119,8/16/09,21:54,500280,3592429,0
M119,8/25/09,20:33,500116,3592530,193
M119,8/26/09,22:03,500116,3592480,50
M119,8/27/09,20:33,500119,3592482,4
M119,8/28/09,23:51,500119,3592482,0
M119,9/1/09,0:05,500157,3592561,88
M119,9/2/09,0:00,500159,3592560,2
M119,9/4/09,0:00,500159,3592560,0
M119,9/5/09,0:00,500159,3592560,0
M119,9/6/09,0:00,500159,3592560,0
M119,9/7/09,0:00,500159,3592560,0
M119,9/9/09,21:25,500157,3592561,2
M119,9/11/09,0:00,500159,3592560,2
M119,9/14/09,20:51,500157,3592561,2
M119,9/20/09,0:00,500159,3592560,2
M119,9/23/09,21:16,500371,3592941,436
M119,9/24/09,8:31,500371,3592941,0
M119,9/29/09,19:19,500371,3592941,0
M119,9/30/09,20:38,500371,3592941,0
M119,10/6/09,13:12,500354,3592928,21
M119,10/12/09,16:32,500372,3592941,22
M119,10/18/09,15:14,500381,3592933,12
M119,10/25/09,12:34,500371,3592941,13
M119,10/31/09,15:24,500371,3592941,0
M119,11/8/09,12:27,500371,3592941,0
M119,11/14/09,0:00,500371,3592942,1
M119,11/22/09,14:44,500371,3592941,1
M119,12/13/09,11:56,500371,3592941,0
M119,3/25/10,12:01,500412,3592885,69
M119,4/5/10,13:44,500220,3592658,297
M119,4/24/10,11:28,500134,3592551,137
M119,4/29/10,10:14,500178,3592512,59
M119,5/6/10,15:44,500224,3592892,383
M119,5/14/10,13:24,500375,3592609,321
M119,5/23/10,12:06,500155,3592507,242
M119,6/2/10,17:10,500153,3592561,54
M119,6/4/10,16:27,500153,3592561,0
M119,6/12/10,9:50,500160,3592564,8
M119,6/18/10,8:16,500400,3592463,260
M119,6/22/10,21:08,500399,3592577,114
M119,6/23/10,10:25,500236,3592692,199
M119,6/25/10,6:52,500285,3592425,271
M119,6/28/10,22:18,500284,3592426,1
M119,7/3/10,20:18,500398,3592329,150
M119,7/4/10,20:27,500180,3592362,220
M119,7/7/10,22:59,500318,3592425,152
M119,7/12/10,20:32,500180,3592365,150
M119,7/15/10,22:14,500094,3592381,87
M119,7/17/10,1:09,500088,3592451,70
M119,7/18/10,8:01,500088,3592451,0
M119,7/19/10,21:26,500248,3592425,162
M119,7/24/10,0:43,500078,3592439,171
M119,7/28/10,22:25,500125,3592473,58
M119,7/29/10,20:28,500126,3592471,2
M119,8/2/10,0:03,500125,3592472,1
M119,8/7/10,19:12,500128,3592471,3
M119,8/27/10,0:09,500345,3592425,222
M119,9/1/10,22:25,500345,3592425,0
M119,9/9/10,11:20,500519,3592463,178
M13,6/16/12,11:51,500530,3592609,NA
M13,7/12/12,9:22,500577,3593026,420
M13,7/16/12,10:23,500526,3592907,129
M13,7/18/12,7:18,500505,3592801,108
M13,7/20/12,18:26,500442,3592583,227
M13,7/23/12,15:52,500476,3592409,177
M13,7/25/12,11:58,500406,3592274,152
M13,7/27/12,10:06,500488,3592598,334
M13,7/30/12,19:37,500507,3592381,218
M13,8/1/12,9:32,500415,3592248,162
F137,8/3/08,9:04,501327,3592186,NA
F137,8/4/08,23:20,501465,3592237,147
F137,8/6/08,20:40,501530,3592195,77
F137,8/12/08,0:01,501282,3592356,296
F137,8/25/08,21:33,501438,3592238,196
F137,8/29/08,21:41,501539,3592302,120
F137,9/5/08,21:27,501560,3592293,23
F137,9/11/08,8:17,501612,3592297,52
F137,9/18/08,18:29,501356,3592365,265
F137,9/26/08,18:13,501300,3592389,61
F137,9/29/08,10:19,501601,3592292,316
F137,10/5/08,7:37,501615,3592351,61
F137,10/10/08,15:29,501608,3592362,13
F137,10/17/08,13:12,501615,3592348,16
F137,11/8/08,11:07,501346,3592430,281
F137,4/9/09,0:00,501486,3592328,173
F137,4/10/09,0:00,501631,3592272,155
F137,4/13/09,0:00,501626,3592279,9
F137,4/30/09,0:00,501334,3592204,301
F137,5/11/09,0:00,501460,3592207,126
F137,5/12/09,0:00,501455,3592299,92
F137,5/18/09,0:00,501455,3592299,0
F137,5/19/09,0:00,501443,3592231,69
F137,5/25/09,0:00,501316,3592416,224
F137,6/13/09,0:00,501312,3592336,80
F137,6/17/09,0:00,501293,3592369,38
F137,6/26/09,0:00,501556,3592285,276
F137,7/4/09,7:47,501681,3592365,148
F137,7/19/09,0:00,501444,3592233,271
F137,7/27/09,22:06,501371,3592364,150
F137,7/28/09,0:43,501399,3592274,94
F137,7/29/09,22:05,501438,3592248,47
F137,8/11/09,0:00,501440,3592247,2
F137,8/21/09,2:19,501593,3592349,184
F137,9/5/09,3:07,501598,3592357,9
F137,9/9/09,19:45,501596,3592358,2
F137,9/15/09,19:36,501643,3592357,47
F137,9/22/09,21:42,501596,3592360,47
F137,9/23/09,22:30,501612,3592278,84
F137,9/29/09,21:21,501648,3592367,96
F137,9/30/09,19:21,501648,3592367,0
F137,10/6/09,14:03,501648,3592367,0
F137,10/9/09,19:43,501555,3592293,119
F137,10/18/09,19:24,501555,3592292,1
F137,10/25/09,14:53,501345,3592431,252
F137,10/31/09,12:43,501345,3592431,0
F137,11/8/09,11:34,501345,3592431,0
F137,11/14/09,0:00,501346,3592433,2
F137,11/22/09,14:00,501345,3592431,2
F137,12/13/09,11:19,501345,3592431,0
F137,3/25/10,14:47,501316,3592398,44
F137,4/5/10,17:49,501616,3592291,319
F137,4/24/10,15:22,501476,3592142,204
F137,5/6/10,10:30,501474,3592142,2
F137,5/14/10,10:50,501553,3592290,168
F137,5/23/10,15:23,501338,3592310,216
F137,6/2/10,20:26,501563,3592341,227
F137,6/4/10,21:45,501610,3592307,58
F137,6/14/10,11:10,501451,3592310,159
F137,6/17/10,21:03,501335,3592350,123
F137,6/22/10,19:56,501446,3592231,163
F137,6/25/10,18:54,501443,3592169,62
F137,6/26/10,19:46,501446,3592234,65
F137,6/28/10,21:13,501363,3592157,113
F137,6/29/10,20:45,501424,3592204,77
F137,7/3/10,21:05,501444,3592217,24
F137,7/3/10,0:19,501447,3592209,9
F137,7/4/10,18:50,501452,3592216,9
F137,7/6/10,22:39,501426,3592335,122
F137,7/7/10,20:52,501380,3592357,51
F137,7/13/10,20:04,501347,3592311,57
F137,7/18/10,21:13,501584,3592323,237
F137,7/24/10,7:22,501641,3592370,74
F137,7/25/10,22:44,501416,3592419,230
F137,7/26/10,19:04,501379,3592394,45
F137,7/28/10,20:28,501353,3592318,80
F137,7/29/10,23:59,501351,3592322,4
F137,7/30/10,9:44,501341,3592315,12
F137,7/31/10,20:52,501342,3592311,4
F137,8/1/10,22:03,501358,3592342,35
F137,8/2/10,20:11,501433,3592285,94
F137,8/16/10,21:43,501341,3592388,138
F137,8/23/10,21:21,501594,3592346,256
F137,9/5/10,17:19,501383,3592329,212
F137,9/9/10,9:33,501491,3592332,108
F137,9/16/10,20:16,501332,3592389,169
F137,9/17/10,19:51,501332,3592389,0
F137,9/23/10,19:49,501304,3592417,40
F137,9/26/10,20:07,501304,3592417,0
F137,9/27/10,20:33,501304,3592417,0
F137,10/1/10,17:32,501340,3592385,48
F137,10/13/10,15:27,501334,3592378,9
F137,10/19/10,14:49,501336,3592386,8
F137,10/22/10,13:32,501336,3592386,0
F137,11/1/10,13:34,501328,3592385,8
F137,1/2/11,13:15,501302,3592398,29
F137,4/1/11,15:05,501574,3592321,283
F137,4/11/11,11:19,501544,3592308,33
F137,4/19/11,10:59,501296,3592375,257
F137,4/29/11,10:26,501334,3592383,39
F137,5/12/11,11:57,501321,3592388,14
F137,5/16/11,11:04,501275,3592291,107
F137,5/20/11,11:46,501567,3592339,296
F137,5/27/11,12:14,501377,3592391,197
F137,6/13/11,11:24,501594,3592357,220
F137,7/25/11,17:27,501331,3592376,264
F137,8/2/11,19:38,501338,3592385,11
F137,8/6/11,10:08,501338,3592386,1
F137,8/7/11,7:46,501336,3592384,3
F137,8/8/11,0:21,501336,3592384,0
F137,8/9/11,11:18,501478,3592283,174
F137,8/11/11,17:01,501387,3592162,151
F137,8/14/11,8:31,501336,3592374,218
F137,8/16/11,18:07,501353,3592176,199
F137,8/23/11,16:12,501432,3592249,108
F137,8/25/11,19:26,501438,3592246,7
F137,9/1/11,19:28,501431,3592224,23
F137,9/5/11,9:14,501445,3592236,18
F137,9/8/11,18:40,501442,3592238,4
F137,9/12/11,17:36,501447,3592240,5
F137,9/20/11,17:06,501333,3592374,176
F137,9/22/11,18:23,501334,3592378,4
F137,10/1/11,10:01,501312,3592423,50
F137,10/7/11,15:27,501315,3592420,4
F137,11/19/11,11:20,501299,3592417,16
F137,11/28/11,12:46,501301,3592413,4
F137,12/6/11,15:39,501301,3592413,0
F137,12/27/11,10:55,501301,3592413,0
F137,1/18/12,13:53,501343,3592391,47
F137,1/24/12,12:53,501343,3592391,0
F137,2/1/12,11:40,501343,3592391,0
F137,2/17/12,15:58,501343,3592391,0
F137,2/29/12,16:13,501340,3592393,4
F137,3/10/12,14:22,501345,3592394,5
F137,3/14/12,10:57,501342,3592392,4
F137,3/22/12,16:03,501360,3592373,26
F137,3/27/12,14:36,501500,3592225,204
F137,4/5/12,7:43,501387,3592385,196
F137,4/13/12,18:09,501386,3592383,2
F137,4/21/12,8:30,501317,3592289,117
F137,4/22/12,18:44,501557,3592269,241
M14,5/2/07,0:00,501225,3592609,
M14,5/3/07,0:00,501225,3592609,0
M14,5/6/07,0:00,501114,3592751,180
M14,5/8/07,0:00,501114,3592751,0
M14,5/19/07,0:00,501225,3592614,176
M14,5/24/07,0:00,501211,3592526,89
M14,6/1/07,0:00,501196,3592591,67
M14,6/21/07,0:00,501069,3592562,130
M14,6/27/07,0:00,501118,3592722,167
M14,7/3/07,0:00,501242,3592590,181
M14,7/5/07,0:00,501102,3592685,169
M14,8/1/07,0:00,501006,3592813,160
M14,8/19/07,0:00,501289,3592706,303
M14,8/22/07,0:00,501148,3592756,150
M14,8/27/07,0:00,501048,3592719,107
M14,8/15/11,10:20,501373,3592755,327
M14,8/16/11,19:52,501219,3592819,167
M14,8/20/11,19:25,501476,3592766,262
M14,8/23/11,17:35,501190,3592543,363
M14,8/27/11,19:42,501494,3592735,360
M14,9/1/11,16:13,501357,3592772,142
M14,10/1/11,11:12,501255,3592617,186
M14,10/7/11,18:36,501267,3592620,12
M14,10/11/11,16:01,501266,3592618,2
M14,10/14/11,16:46,501261,3592621,6
M14,11/27/11,16:31,501176,3592558,106
M14,12/6/11,16:03,501176,3592558,0
M14,12/27/11,10:25,501176,3592558,0
M14,1/18/12,13:05,501176,3592558,0
M14,1/24/12,13:14,501176,3592558,0
M14,2/1/12,12:10,501176,3592558,0
M14,2/17/12,14:20,501173,3592561,4
M14,2/29/12,17:19,501375,3592752,278
M14,3/10/12,12:55,501381,3592682,70
M14,3/14/12,10:03,501298,3592697,84
M14,3/22/12,14:03,501298,3592697,0
M14,3/30/12,12:14,501549,3592761,259
M14,4/4/12,15:05,501300,3592699,257
M14,4/13/12,14:43,501199,3592723,104
M14,4/21/12,12:10,501519,3592796,328
M14,4/26/12,8:50,501129,3592726,396
F146,3/14/09,0:00,500920,3592553,
F146,3/28/09,0:00,501076,3592494,167
F146,4/9/09,0:00,500845,3592448,236
F146,4/16/09,0:00,501089,3592503,250
F146,4/23/09,0:00,500845,3592666,293
F146,4/30/09,0:00,500924,3592623,90
F146,5/11/09,0:00,501049,3592519,163
F146,5/12/09,0:00,500867,3592623,210
F146,5/12/09,0:00,500846,3592613,23
F146,5/19/09,0:00,501049,3592623,203
F146,5/25/09,0:00,500796,3592667,257
F146,6/4/09,0:00,501100,3592543,328
F146,6/8/09,0:00,500841,3592647,279
F146,6/9/09,0:00,501105,3592544,283
F146,6/10/09,0:00,500735,3592639,382
F146,6/17/09,0:00,500978,3592373,360
F146,6/26/09,0:00,501045,3592341,74
F146,7/4/09,7:49,500788,3592659,409
F146,7/9/09,21:05,500811,3592690,39
F146,7/10/09,0:35,500775,3592635,66
F146,7/20/09,0:00,500978,3592365,338
F146,7/26/09,21:12,500764,3592823,506
F146,8/1/09,0:00,500722,3592743,90
F146,8/11/09,0:00,501032,3592542,369
F146,8/16/09,22:58,501048,3592545,16
F146,8/25/09,22:16,501033,3592552,17
F146,8/29/09,23:29,501033,3592552,0
F146,8/30/09,10:01,501033,3592552,0
F146,9/3/09,0:00,501032,3592545,7
F146,9/4/09,0:00,501032,3592545,0
F146,9/9/09,20:13,501033,3592552,7
F146,9/15/09,20:19,501033,3592552,0
F146,9/23/09,10:15,501054,3592555,21
F146,9/30/09,9:14,501046,3592554,8
F146,10/6/09,17:54,501091,3592592,59
F146,10/10/09,15:52,501089,3592591,2
F146,10/18/09,18:02,501089,3592591,0
F146,10/25/09,13:23,501089,3592591,0
F146,10/31/09,12:04,501089,3592591,0
F146,11/8/09,15:55,501024,3592543,81
F146,11/14/09,0:00,501031,3592540,8
F146,11/29/09,14:53,501087,3592503,67
F146,12/13/09,14:36,501087,3592503,0
F146,3/25/10,17:48,501087,3592503,0
F146,4/5/10,16:09,501024,3592348,167
F146,4/24/10,16:14,500745,3592822,550
F146,5/6/10,16:23,500735,3592788,35
F146,5/14/10,15:25,500854,3592654,179
F146,6/4/10,9:01,500970,3592578,139
F146,6/16/10,22:50,500833,3592709,190
F146,6/21/10,21:14,500873,3592675,52
F146,6/25/10,8:17,500877,3592649,26
F147,4/9/09,0:00,501248,3592444,NA
F147,4/10/09,0:00,501248,3592444,0
F147,4/13/09,0:00,501248,3592444,0
F147,4/16/09,0:00,501290,3592591,153
F147,4/18/09,0:00,501290,3592591,0
F147,4/20/09,0:00,501290,3592591,0
F147,4/21/09,0:00,501290,3592591,0
F147,4/22/09,0:00,501290,3592591,0
F147,4/23/09,0:00,501554,3592583,264
F147,4/25/09,0:00,501426,3592155,447
F147,4/26/09,0:00,501431,3592154,5
F147,4/26/09,0:00,501428,3592153,3
F147,4/27/09,0:00,501428,3592153,0
F147,4/27/09,0:00,501442,3592108,47
F147,4/30/09,0:00,501258,3592544,473
F147,5/11/09,0:00,501268,3592619,76
F147,5/12/09,0:00,501268,3592619,0
F147,5/13/09,0:00,501268,3592619,0
F147,5/19/09,0:00,501098,3592489,214
F147,6/3/09,0:00,501605,3592492,507
F147,6/8/09,0:00,501233,3592454,374
F147,6/8/09,0:00,501233,3592464,10
F147,6/9/09,0:00,501233,3592464,0
F147,6/10/09,0:00,501299,3592381,106
F147,6/17/09,0:00,501344,3592419,59
F147,6/26/09,0:00,501421,3592422,77
F147,7/4/09,8:34,501456,3592165,259
F147,7/7/09,0:00,501472,3592489,324
F147,7/7/09,23:01,501472,3592488,1
F147,7/20/09,0:00,501597,3592531,132
F147,8/4/09,0:00,501639,3592521,43
F147,8/5/09,0:00,501639,3592521,0
F147,8/6/09,0:00,501661,3592489,39
F147,8/11/09,2:08,501647,3592529,42
F147,8/20/09,20:02,501707,3592449,100
F147,8/24/09,21:51,501668,3592556,114
F147,8/29/09,21:27,501666,3592551,5
F147,8/30/09,8:57,501666,3592551,0
F147,9/1/09,0:00,501665,3592554,3
F147,9/2/09,0:00,501665,3592554,0
F147,9/4/09,0:00,501665,3592554,0
F147,9/5/09,0:00,501665,3592554,0
F147,9/6/09,0:00,501665,3592554,0
F147,9/7/09,0:00,501665,3592554,0
F147,9/9/09,21:59,501666,3592553,1
F147,9/15/09,7:43,501702,3592559,36
F147,9/20/09,0:00,501702,3592559,0
F147,9/23/09,8:24,501702,3592559,0
F147,9/24/09,9:51,501631,3592525,79
F147,9/30/09,8:24,501704,3592451,104
F147,10/6/09,14:38,501662,3592378,84
F147,10/6/09,19:34,501665,3592377,3
F147,10/10/09,11:41,501657,3592375,8
F147,10/18/09,19:01,501657,3592375,0
F147,10/25/09,14:05,501657,3592375,0
F147,10/31/09,13:04,501657,3592375,0
F147,11/8/09,14:27,501648,3592514,139
F147,11/14/09,0:00,501644,3592516,4
F147,11/22/09,16:43,501648,3592514,4
F147,11/29/09,15:20,501648,3592514,0
F147,12/13/09,14:57,501642,3592514,6
F147,12/22/09,11:36,501641,3592512,2
F147,3/27/10,18:02,501613,3592509,28
F147,4/5/10,18:36,501246,3592413,379
F147,4/9/10,17:38,501585,3592488,347
F147,5/6/10,11:19,501602,3592632,145
F147,5/14/10,12:41,501433,3592681,176
F147,5/23/10,11:18,501200,3592724,237
F147,6/2/10,15:54,501186,3592741,22
F147,6/11/10,18:21,501613,3592309,607
F147,6/21/10,20:16,501677,3592526,226
F147,6/23/10,0:14,501662,3592521,16
F147,6/23/10,21:43,501646,3592510,19
F147,6/27/10,20:33,501646,3592510,0
F147,7/2/10,21:39,501311,3592539,336
F147,7/6/10,21:46,501311,3592610,71
F147,7/7/10,21:32,501323,3592563,49
F147,7/8/10,1:32,501318,3592533,30
F147,7/15/10,8:37,501681,3592459,370
F147,7/18/10,20:47,501443,3592246,319
F147,7/23/10,22:24,501440,3592486,240
F147,7/25/10,22:28,501383,3592425,83
F147,7/26/10,19:26,501373,3592429,11
F147,8/1/10,20:05,501390,3592599,171
F147,8/17/10,10:03,501228,3592396,260
F147,8/18/10,19:34,501223,3592403,9
F147,8/24/10,8:10,501273,3592506,114
F147,9/6/10,6:28,501276,3592507,3
F147,9/9/10,10:23,501281,3592509,5
F147,9/16/10,18:59,501268,3592503,14
F147,9/17/10,19:03,501268,3592503,0
F147,9/23/10,19:15,501268,3592503,0
F147,9/26/10,19:44,501268,3592503,0
F147,9/27/10,20:16,501268,3592497,6
F147,10/1/10,16:44,501268,3592497,0
F147,10/8/10,10:56,501266,3592499,3
F147,10/19/10,13:10,501269,3592497,4
F147,10/22/10,12:39,501269,3592497,0
F147,1/27/11,12:07,501302,3592459,50
F147,2/26/11,14:44,501302,3592459,0
F147,3/25/11,18:50,501639,3592334,359
F147,4/11/11,10:40,501643,3592332,4
F147,4/29/11,10:55,501353,3592317,290
F147,5/12/11,14:09,501200,3592725,436
F147,5/16/11,15:52,501769,3592384,663
F147,5/20/11,11:08,501601,3592631,299
F147,5/27/11,8:44,501425,3592491,225
F147,6/13/11,11:37,501713,3592423,296
F147,7/8/11,10:32,501368,3592147,442
F147,8/4/11,16:06,501277,3592427,294
F147,8/7/11,8:56,501275,3592426,2
F147,8/13/11,12:14,501220,3592454,62
F147,8/23/11,16:22,501436,3592245,301
F147,9/5/11,9:48,501404,3592235,34
F147,9/13/11,18:21,501438,3592248,36
F147,9/22/11,18:03,501444,3592249,6
F147,10/1/11,10:23,501443,3592249,1
F147,10/7/11,15:52,501440,3592248,3
F147,11/19/11,10:54,501312,3592461,249
F147,11/28/11,12:27,501312,3592457,4
F147,12/6/11,15:16,501312,3592457,0
F147,12/27/11,10:45,501312,3592457,0
F147,1/18/12,13:37,501326,3592403,56
F147,1/24/12,12:44,501326,3592403,0
F147,2/1/12,11:30,501326,3592403,0
F147,2/17/12,15:44,501326,3592403,0
F147,2/29/12,15:52,501251,3592441,84
F147,3/10/12,13:47,501251,3592441,0
F147,3/14/12,11:48,501252,3592411,30
F147,3/22/12,16:22,501416,3592414,164
F147,3/30/12,14:12,501627,3592315,233
F147,4/5/12,8:11,501432,3592480,255
F147,4/13/12,17:46,501336,3592352,160
F147,4/21/12,10:52,501358,3592712,361
F147,4/22/12,18:11,501600,3592249,522
F147,5/11/12,8:33,501485,3592592,362
F147,5/23/12,22:25,501245,3592572,241
F147,5/27/12,8:49,501245,3592571,1
F147,5/31/12,18:42,501244,3592574,3
F147,6/7/12,21:30,501577,3592337,409
F147,6/14/12,13:13,501269,3592515,356
F147,6/22/12,14:16,501283,3592451,66
F147,7/5/12,12:43,501503,3592333,250
F147,7/10/12,8:06,501269,3592515,296
F147,7/12/12,11:05,501657,3592510,388
F147,7/16/12,11:47,501340,3592305,378
F147,7/17/12,21:46,501555,3592485,280
F147,7/20/12,19:57,501488,3592327,172
F147,7/23/12,16:27,501429,3592327,59
F147,7/25/12,12:55,501388,3592350,47
F147,7/27/12,10:48,501217,3592210,221
F147,7/30/12,19:26,501357,3592359,204
F147,8/1/12,8:38,501255,3592167,217
F147,8/3/12,9:33,501708,3592432,525
F147,8/10/12,14:17,501401,3592692,402
F147,8/15/12,8:50,501402,3592688,4
F147,8/17/12,10:26,501444,3592323,367
F147,8/22/12,20:22,501637,3592392,205
F147,8/27/12,11:20,501265,3592418,373
F147,9/2/12,9:28,501431,3592320,193
F147,9/7/12,13:05,501431,3592331,11
F147,9/20/12,13:28,501661,3592382,236
F147,9/26/12,16:31,501704,3592443,75
F147,9/29/12,22:22,501660,3592383,74
F147,10/5/12,16:01,501662,3592385,3
F147,10/17/12,16:00,501662,3592385,0
F147,10/24/12,18:30,501288,3592408,375
F147,11/3/12,12:58,501288,3592408,0
F147,11/11/12,13:48,501288,3592408,0
F147,11/26/12,15:56,501288,3592408,0
F147,12/8/12,12:10,501288,3592408,0
F147,12/17/12,10:39,501288,3592408,0
F147,12/21/12,13:58,501287,3592410,2
F147,12/28/12,12:52,501287,3592410,0
F147,1/10/13,15:34,501272,3592395,21
F147,1/25/13,13:10,501272,3592395,0
F147,2/7/13,14:56,501270,3592391,4
F147,2/21/13,14:49,501270,3592355,36
F147,3/10/13,13:48,501270,3592355,0
F147,3/21/13,14:40,501424,3592335,155
F200,7/18/10,21:44,499393,3592294,NA
F200,7/19/10,0:48,499393,3592294,0
F200,7/20/10,20:22,499395,3592300,6
F200,7/22/10,22:47,499393,3592293,7
F200,7/22/10,8:59,499393,3592296,3
F200,7/23/10,9:04,499358,3592308,37
F200,7/24/10,7:51,499412,3592292,56
F200,7/25/10,20:39,499386,3592272,33
F200,7/26/10,21:39,499354,3592311,50
F200,7/29/10,8:06,499435,3592260,96
F200,7/31/10,22:31,499401,3592332,80
F200,8/1/10,22:46,499405,3592272,60
F200,8/2/10,19:05,499408,3592272,3
F200,8/5/10,21:44,499424,3592395,124
F200,8/8/10,11:29,499399,3592330,70
F200,8/17/10,21:53,499410,3592291,41
F200,8/18/10,8:20,499408,3592291,2
F200,8/18/10,21:53,499412,3592289,4
F200,8/22/10,23:15,499264,3592298,148
F200,8/23/10,23:00,499233,3592332,46
F200,8/24/10,8:56,499232,3592333,1
F200,9/1/10,20:49,499304,3592421,114
F200,9/9/10,8:12,499423,3592393,122
F200,9/15/10,8:04,499440,3592259,135
F200,9/17/10,21:41,499440,3592259,0
F200,9/23/10,18:41,499347,3592431,196
F200,9/27/10,11:19,499347,3592431,0
F200,9/28/10,8:42,499327,3592439,22
F200,10/1/10,18:34,499347,3592431,22
F200,10/11/10,14:18,499314,3592731,302
F200,10/19/10,16:42,499315,3592738,7
F200,10/22/10,14:55,499315,3592738,0
F200,10/29/10,17:35,499315,3592733,5
F200,11/12/10,13:55,499309,3592740,9
F200,1/12/11,10:22,499293,3592697,46
F200,3/25/11,16:12,499515,3592468,319
F200,4/12/11,10:30,499331,3592676,278
F200,4/16/11,14:52,499388,3592363,318
F200,4/29/11,11:51,499325,3592403,75
F200,5/12/11,15:33,499275,3592376,57
F200,5/16/11,7:12,499274,3592383,7
F200,5/20/11,17:18,499501,3592354,229
F200,5/27/11,13:05,499329,3592262,195
F200,6/13/11,10:45,499329,3592262,0
F200,7/8/11,10:07,499454,3592372,167
F200,7/25/11,15:59,499418,3592433,71
F200,8/4/11,11:39,499236,3592346,202
F200,8/7/11,10:21,499243,3592397,51
F200,8/11/11,16:20,499279,3592271,131
F200,8/13/11,10:52,499278,3592276,5
F200,8/16/11,14:33,499429,3592386,187
F200,8/20/11,16:59,499322,3592385,107
F200,8/27/11,17:51,499373,3592513,138
F200,9/4/11,17:23,499401,3592274,241
F200,9/13/11,15:06,499404,3592479,205
F200,9/22/11,19:35,499454,3592484,50
F200,10/1/11,11:52,499454,3592484,0
F200,10/7/11,19:20,499454,3592484,0
F200,11/19/11,9:13,499347,3592691,233
F200,11/27/11,12:28,499354,3592700,11
F200,12/5/11,10:33,499354,3592700,0
F200,12/27/11,9:10,499354,3592700,0
M215,8/15/11,16:10,500494,3592502,2197
M215,8/16/11,14:07,500393,3592584,115
M215,8/20/11,18:41,500259,3592332,285
M215,8/23/11,15:43,500181,3592383,93
M215,8/25/11,21:27,500384,3592402,204
M215,8/27/11,18:24,500405,3592326,79
M215,9/1/11,18:26,500178,3592380,233
M215,9/4/11,18:11,500130,3592304,90
M215,9/13/11,14:26,500424,3592504,356
M215,9/22/11,20:31,500424,3592504,0
M215,10/1/11,12:13,500424,3592504,0
M215,10/11/11,17:38,500287,3592539,141
M215,11/27/11,14:11,500417,3592888,372
M215,12/5/11,11:26,500374,3592895,44
M215,12/27/11,10:05,500412,3592891,38
M215,1/17/12,16:30,500412,3592891,0
M215,1/24/12,13:26,500412,3592891,0
M215,2/1/12,12:40,500373,3592860,50
M215,2/17/12,13:33,500281,3592918,109
M215,2/29/12,12:32,500349,3592886,75
M215,3/10/12,10:28,500349,3592886,0
M215,3/13/12,13:46,500246,3592638,269
M215,3/22/12,12:54,500348,3592861,245
M215,3/30/12,10:58,500178,3592778,189
M215,4/4/12,12:46,500399,3592568,305
M215,4/26/12,11:11,500392,3592885,317
M215,5/4/12,18:14,500185,3592541,401
M215,5/11/12,10:08,500418,3592920,445
M215,5/23/12,21:23,500235,3592680,302
M215,5/26/12,19:46,500230,3592678,5
M215,5/29/12,12:22,500598,3592824,396
M215,5/30/12,12:58,500516,3592881,100
M215,6/6/12,11:20,500324,3592835,197
M215,6/14/12,10:55,500377,3592558,282
M215,6/22/12,12:27,500291,3592645,122
M215,7/5/12,13:49,500238,3592602,68
F24,5/2/07,0:00,501793,3592140,NA
F24,5/2/07,0:00,501803,3592147,12
F24,5/19/07,0:00,501824,3592092,59
F24,5/23/07,0:00,501824,3592092,0
F24,6/1/07,0:00,501826,3592091,2
F24,6/5/07,0:00,501826,3592091,0
F24,6/10/07,0:00,501826,3592091,0
F24,6/12/07,0:00,501826,3592091,0
F24,6/20/07,0:00,501959,3592139,141
F24,6/27/07,0:00,501959,3592139,0
F24,7/3/07,0:00,501959,3592139,0
F24,7/5/07,0:00,501956,3592193,54
F24,7/17/07,0:00,501960,3592194,4
F24,7/19/07,0:00,501763,3592246,204
F252,8/15/11,8:52,502226,3591492,NA
F252,8/15/11,17:05,502226,3591486,6
F252,8/16/11,15:39,502225,3591497,11
F252,8/20/11,20:45,502250,3591477,32
F252,8/23/11,18:26,502250,3591477,0
F252,8/25/11,19:59,502227,3591497,30
F252,9/1/11,17:55,502105,3591510,123
F252,9/5/11,10:43,502401,3591494,296
F252,9/13/11,18:59,502227,3591470,176
F252,9/22/11,21:38,502236,3591506,37
F252,10/1/11,14:32,502175,3591661,167
F252,10/11/11,16:53,502139,3591587,82
F252,10/14/11,19:20,502094,3591573,47
F252,11/19/11,13:13,502145,3591588,53
F252,11/27/11,16:00,502139,3591589,6
F252,12/6/11,14:42,502139,3591589,0
F252,12/29/11,16:38,502139,3591589,0
F252,1/18/12,15:05,502137,3591597,8
F252,1/24/12,12:04,502137,3591597,0
F252,2/1/12,10:55,502137,3591597,0
F252,2/17/12,16:48,502139,3591592,5
F252,2/29/12,15:10,502178,3591701,116
F252,3/10/12,15:45,502148,3591517,186
F252,3/14/12,14:25,502134,3591588,72
F252,3/22/12,15:03,502179,3591702,123
F252,3/27/12,13:12,501999,3591447,312
F252,4/4/12,15:47,501999,3591447,0
F252,4/13/12,16:51,502114,3591615,204
F252,4/21/12,11:53,502163,3591434,188
F252,4/26/12,10:21,502095,3591459,72
F252,5/9/12,14:30,502145,3591375,98
F252,5/11/12,15:05,502154,3591433,59
F252,5/22/12,19:16,502142,3591611,178
F252,5/27/12,9:44,502137,3591608,6
F252,5/29/12,11:11,502141,3591611,5
F252,5/30/12,13:52,502139,3591614,4
F252,6/7/12,20:24,502168,3591653,49
F252,6/13/12,20:36,502166,3591653,2
F252,6/16/12,6:25,502163,3591650,4
F252,6/22/12,15:09,502166,3591655,6
F252,7/5/12,16:24,502166,3591655,0
F252,7/10/12,10:59,502169,3591653,4
F252,7/12/12,12:28,502165,3591651,4
F252,7/16/12,12:31,502164,3591653,2
F252,7/18/12,6:01,502165,3591651,2
F252,7/20/12,19:04,502164,3591654,3
F252,7/23/12,14:10,502157,3591624,31
F252,7/25/12,13:27,502179,3591658,40
F252,7/27/12,11:18,502176,3591662,5
F252,7/30/12,20:05,502176,3591651,11
F252,8/1/12,9:12,502190,3591589,64
F252,8/3/12,10:02,502201,3591627,40
F252,8/6/12,9:11,502207,3591625,6
F252,8/10/12,13:08,502073,3591455,216
F252,8/15/12,8:10,502073,3591453,2
F252,8/17/12,10:04,502124,3591468,53
F252,9/2/12,8:53,502251,3591364,164
F252,9/7/12,12:31,502087,3591363,164
F252,9/26/12,17:07,502032,3591385,NA
F252,9/29/12,22:44,502014,3591390,19
F252,10/5/12,15:18,502130,3591542,191
F252,10/17/12,16:56,502093,3591597,66
F252,10/29/12,19:02,502093,3591597,0
F252,11/3/12,13:25,502093,3591597,0
F252,11/11/12,14:13,502093,3591597,0
F252,11/26/12,16:23,502092,3591593,4
F252,12/8/12,12:38,502092,3591593,0
F252,12/17/12,11:06,502092,3591593,0
F252,12/21/12,13:08,502092,3591593,0
F252,12/28/12,13:56,502093,3591593,1
F252,1/10/13,16:17,502093,3591593,0
F252,1/25/13,13:52,502136,3591591,43
F252,2/7/13,15:33,502136,3591590,1
F252,2/21/13,15:22,502136,3591590,0
M255,8/15/11,9:34,502321,3591579,NA
M255,8/16/11,18:41,502417,3591450,161
M255,8/20/11,21:30,502464,3591437,49
M255,8/23/11,18:36,502474,3591441,11
M255,8/25/11,20:25,502482,3591442,8
M255,9/1/11,17:40,502482,3591442,0
M255,9/5/11,11:04,502606,3591334,164
M255,9/13/11,19:22,502609,3591360,26
M255,9/22/11,21:24,502609,3591360,0
M255,10/1/11,15:37,502473,3591776,438
M255,10/11/11,16:32,502448,3591769,26
M255,10/14/11,18:38,502444,3591775,7
M255,11/19/11,12:48,502480,3591733,55
M255,11/27/11,15:33,502478,3591732,2
M255,12/6/11,17:12,502478,3591732,0
M255,12/27/11,11:28,502478,3591732,0
M255,1/17/12,15:06,502478,3591732,0
M255,1/24/12,11:48,502444,3591755,41
M255,2/1/12,10:37,502444,3591755,0
M255,2/17/12,16:28,502460,3591745,19
M255,2/29/12,14:20,502108,3591732,352
M255,3/10/12,15:06,502084,3591708,34
M255,3/14/12,13:38,502145,3591769,86
M255,3/22/12,14:56,502178,3591697,79
M255,3/27/12,13:45,502381,3591866,264
M255,4/5/12,9:28,502211,3591606,311
M255,4/13/12,16:20,502461,3591746,287
M255,4/21/12,11:31,502475,3591747,14
M255,4/26/12,10:06,502222,3591464,380
F36,5/2/07,0:00,500329,3592730,
F36,5/3/07,0:00,500329,3592730,0
F36,5/6/07,0:00,500305,3592917,189
F36,5/8/07,0:00,500310,3592916,5
F36,5/17/07,0:00,500180,3592545,393
F36,5/23/07,0:00,500206,3592707,164
F36,6/1/07,0:00,500289,3592658,96
F36,6/21/07,0:00,500347,3592743,103
F36,6/27/07,0:00,500347,3592743,0
F36,7/3/07,0:00,500347,3592743,0
F36,7/3/07,0:00,500363,3592645,99
F36,7/5/07,0:00,500391,3592655,30
F36,7/18/07,0:00,500391,3592655,0
F36,7/19/07,0:00,500406,3592594,63
F36,8/16/07,0:00,500276,3592529,145
F36,8/22/07,0:00,500261,3592662,134
F36,8/28/07,0:00,500260,3592518,144
F36,8/29/07,0:00,500260,3592518,0
F36,8/30/07,0:00,500271,3592559,42
F36,4/9/08,14:39,500347,3592863,313
F36,4/16/08,9:25,500214,3592657,245
F36,4/23/08,16:23,500324,3592681,113
F36,4/24/08,12:10,500324,3592681,0
F36,4/25/08,11:01,500324,3592681,0
F36,5/1/08,12:40,500341,3592740,61
F36,5/2/08,12:15,500341,3592740,0
F36,5/5/08,9:38,500341,3592740,0
F36,5/6/08,9:13,500350,3592864,124
F36,5/7/08,10:41,500350,3592864,0
F36,5/8/08,10:59,500350,3592864,0
F36,5/14/08,10:58,500214,3592657,248
F36,5/20/08,12:23,500438,3592822,278
F36,5/22/08,17:42,500435,3592825,4
F36,5/25/08,18:53,500423,3592808,21
F36,5/26/08,18:41,500396,3592767,49
F36,5/28/08,18:07,500393,3592878,111
F36,6/2/08,19:37,500314,3592889,80
F36,6/3/08,19:31,500314,3592889,0
F36,6/11/08,19:27,500314,3592889,0
F36,6/18/08,21:01,500307,3592735,154
F36,6/21/08,21:32,500307,3592735,0
F36,6/22/08,22:03,500288,3592656,81
F36,6/24/08,20:28,500286,3592662,6
F36,6/26/08,23:17,500293,3592792,130
F36,6/27/08,9:16,500297,3592856,64
F36,7/1/08,19:45,500383,3592654,220
F36,7/8/08,8:07,500395,3592657,12
F36,7/13/08,7:48,500395,3592654,3
F36,7/16/08,21:40,500251,3592684,147
F36,7/18/08,8:40,500392,3592656,144
F36,7/20/08,7:10,500284,3592662,108
F36,7/21/08,22:28,500275,3592644,20
F36,7/26/08,8:07,500409,3592638,134
F36,7/27/08,8:46,500444,3592507,136
F36,7/28/08,23:18,500247,3592522,198
F36,7/30/08,23:46,500537,3592557,292
F36,7/31/08,9:56,500469,3592562,68
F36,7/31/08,22:06,500395,3592427,154
F36,8/3/08,7:59,500384,3592661,234
F36,8/12/08,21:36,500252,3592503,206
F36,8/25/08,19:18,500232,3592583,82
F36,9/3/08,9:44,500359,3592556,130
F36,9/6/08,22:13,500383,3592559,24
F36,9/11/08,11:41,500304,3592460,127
F36,9/17/08,18:41,500291,3592715,255
F36,9/25/08,8:44,500238,3592607,120
F36,9/26/08,21:29,500237,3592597,10
F36,9/27/08,20:01,500237,3592597,0
F36,10/5/08,11:12,500237,3592597,0
F36,10/10/08,9:22,500289,3592717,131
F36,10/17/08,14:36,500342,3592878,169
F36,10/23/08,17:18,500375,3592898,39
F36,11/7/08,14:55,500375,3592881,17
F36,4/9/09,0:00,500395,3592566,316
F36,4/10/09,0:00,500395,3592566,0
F36,4/11/09,0:00,500395,3592566,0
F36,4/13/09,0:00,500395,3592566,0
F36,4/16/09,0:00,500395,3592566,0
F36,4/18/09,0:00,500377,3592580,23
F36,4/23/09,0:00,500280,3592526,111
F36,4/30/09,0:00,500308,3592676,153
F36,5/11/09,0:00,500308,3592676,0
F36,5/12/09,0:00,500308,3592676,0
F36,5/13/09,0:00,500308,3592676,0
F36,5/14/09,0:00,500364,3592509,176
F36,5/19/09,0:00,500380,3592659,151
F36,5/25/09,0:00,500429,3592457,208
F36,6/4/09,0:00,500425,3592494,37
F36,6/8/09,0:00,500425,3592494,0
F36,6/9/09,0:00,500425,3592494,0
F36,6/10/09,0:00,500425,3592494,0
F36,6/26/09,0:00,500428,3592499,6
F36,7/1/09,21:31,500392,3592660,165
F36,7/6/09,0:00,500391,3592658,2
F36,7/6/09,22:59,500392,3592660,2
F36,7/9/09,0:00,500391,3592658,2
F36,7/10/09,0:00,500391,3592658,0
F36,7/11/09,0:00,500391,3592658,0
F36,7/12/09,0:00,500391,3592658,0
F36,7/13/09,0:00,500391,3592658,0
F36,7/14/09,0:00,500391,3592658,0
F36,7/17/09,0:00,500391,3592658,0
F36,7/19/09,0:00,500391,3592658,0
F36,7/22/09,22:32,500393,3592661,4
F36,8/2/09,0:00,500391,3592658,4
F36,8/2/09,0:00,500289,3592636,104
F36,8/10/09,21:25,500292,3592547,89
F36,8/11/09,0:00,500289,3592636,89
F36,8/13/09,22:31,500392,3592655,105
F36,8/17/09,21:10,500392,3592655,0
F36,8/25/09,21:29,500468,3592593,98
F36,8/26/09,23:58,500468,3592593,0
F36,8/27/09,22:51,500411,3592543,76
F36,8/28/09,2:10,500394,3592542,17
F36,8/29/09,0:18,500394,3592542,0
F36,9/1/09,2:57,500511,3592670,173
F36,9/1/09,0:40,500516,3592678,9
F36,9/3/09,0:00,500531,3592595,84
F36,9/4/09,0:00,500531,3592595,0
F36,9/5/09,0:00,500531,3592595,0
F36,9/6/09,0:00,500531,3592595,0
F36,9/7/09,0:00,500463,3592590,68
F36,9/8/09,20:27,500463,3592592,2
F36,9/9/09,8:27,500463,3592592,0
F36,9/11/09,0:00,500465,3592589,4
F36,9/14/09,20:30,500463,3592592,4
F36,9/20/09,0:00,500465,3592589,4
F36,9/23/09,19:53,500463,3592592,4
F36,9/24/09,8:49,500463,3592592,0
F36,9/29/09,18:54,500581,3592612,120
F36,9/30/09,21:00,500581,3592612,0
F36,10/6/09,13:32,500574,3592615,8
F36,10/11/09,12:46,500578,3592620,6
F36,10/18/09,15:57,500401,3592792,247
F36,10/25/09,10:54,500401,3592792,0
F36,10/31/09,15:17,500374,3592901,112
F36,11/8/09,12:17,500375,3592909,8
F36,11/14/09,0:00,500374,3592913,4
F36,11/22/09,14:37,500375,3592909,4
F36,12/13/09,11:50,500375,3592909,0
F36,3/25/10,11:47,500419,3592890,48
F36,4/9/10,15:22,500419,3592890,0
F36,4/24/10,12:10,500383,3592561,331
F36,4/29/10,16:00,500402,3592570,21
F36,5/6/10,16:49,500402,3592570,0
F36,5/14/10,16:17,500116,3592466,304
F36,6/2/10,10:59,500974,3592322,NA
F36,6/2/10,16:36,500304,3592672,756
F36,6/4/10,15:31,500377,3592579,118
F36,6/12/10,9:44,500155,3592558,223
F36,6/18/10,7:30,500156,3592562,4
F36,6/21/10,22:10,500184,3592535,39
F36,6/23/10,22:52,500154,3592551,34
F36,6/23/10,1:16,500157,3592560,9
F36,6/24/10,22:19,500157,3592560,0
F36,6/25/10,19:33,500157,3592560,0
F36,6/28/10,20:12,500156,3592565,5
F36,7/3/10,22:17,500539,3592757,428
F36,7/4/10,20:08,500518,3592750,22
F36,7/6/10,23:25,500420,3592842,134
F36,7/8/10,0:47,500428,3592834,11
F36,7/12/10,22:40,500392,3592583,254
F36,7/18/10,19:30,500538,3592610,148
F36,7/22/10,23:28,500252,3592433,336
F36,7/23/10,9:48,500254,3592429,4
F36,7/28/10,21:23,500235,3592474,49
F36,7/29/10,22:16,500224,3592492,21
F36,7/30/10,9:07,500195,3592531,49
F36,7/31/10,19:52,500166,3592542,31
F36,8/1/10,20:43,500333,3592459,186
F36,8/2/10,7:50,500318,3592424,38
F36,8/2/10,19:35,500318,3592424,0
F36,8/2/10,1:40,500316,3592429,5
F36,8/7/10,19:30,500320,3592423,7
F36,8/17/10,8:36,500397,3592493,104
F36,8/27/10,0:02,500407,3592512,21
F36,8/27/10,23:59,500283,3592503,124
F36,8/31/10,22:42,500282,3592492,11
F36,9/1/10,11:01,500282,3592492,0
F36,9/1/10,23:15,500129,3592318,232
F36,9/8/10,20:24,500141,3592358,42
F36,9/15/10,8:34,500182,3592381,47
F36,9/17/10,20:25,500182,3592381,0
F36,9/24/10,9:25,500384,3592528,250
F36,9/27/10,10:51,500318,3592427,121
F36,10/2/10,17:56,500315,3592425,4
F36,10/8/10,9:34,500315,3592425,0
F36,10/19/10,16:08,500392,3592766,350
F36,10/22/10,15:31,500392,3592766,0
F36,11/1/10,14:05,501003,3592565,643
F36,11/6/10,7:57,500376,3592910,716
F36,1/2/11,14:04,500376,3592910,0
F36,3/25/11,15:02,500387,3592566,344
F36,4/12/11,12:05,500550,3592579,164
F36,4/16/11,14:20,500395,3592569,155
F36,4/30/11,10:12,500189,3592610,210
F36,5/12/11,14:41,500101,3592489,150
F36,5/16/11,14:52,500175,3592518,79
F36,5/20/11,15:00,500177,3592526,8
F36,5/27/11,10:57,500388,3592568,215
F36,6/13/11,12:09,500390,3592584,16
F36,8/11/11,15:52,500285,3592488,142
F36,8/13/11,12:57,500294,3592466,24
F36,8/15/11,16:27,500318,3592427,46
F36,8/16/11,16:11,500322,3592426,4
F36,8/20/11,16:36,500227,3592380,106
F36,9/4/11,17:50,500336,3592478,147
F36,9/13/11,14:12,500374,3592562,92
F36,10/1/11,12:41,500404,3592589,40
F36,10/7/11,16:47,500406,3592593,4
F36,11/19/11,10:17,500415,3592893,300
F36,11/27/11,13:21,500412,3592891,4
F36,12/5/11,11:15,500412,3592891,0
F36,12/27/11,10:00,500412,3592891,0
F36,1/17/12,16:20,500408,3592886,6
F36,1/24/12,13:30,500408,3592886,0
F36,2/1/12,12:26,500408,3592886,0
F36,2/17/12,13:09,500408,3592886,0
F36,2/29/12,13:34,500413,3592885,5
F36,3/10/12,11:34,500383,3592870,34
F36,3/13/12,15:08,500385,3592870,2
F36,3/22/12,13:20,500464,3592818,95
F36,3/30/12,15:11,500359,3592578,262
F36,4/4/12,13:01,500392,3592570,34
F36,4/22/12,19:04,500269,3592397,212
F36,5/6/12,10:19,500244,3592467,74
F36,5/11/12,9:34,500367,3592544,145
F36,5/23/12,20:35,500396,3592480,70
F36,5/27/12,6:58,500396,3592480,0
F36,5/29/12,8:03,500401,3592570,90
F36,5/30/12,10:09,500401,3592570,0
F36,6/6/12,9:43,500490,3592603,95
F36,6/9/12,13:29,500488,3592604,2
F36,6/14/12,11:24,500488,3592604,0
F36,6/16/12,10:50,500488,3592604,0
F36,6/22/12,12:06,500487,3592603,1
F36,7/5/12,13:46,500395,3592463,168
F36,7/10/12,10:01,500490,3592601,168
F36,7/12/12,9:41,500487,3592603,4
F36,7/16/12,12:03,500388,3592496,146
F36,7/18/12,8:41,500475,3592712,233
F36,7/20/12,20:38,500219,3592570,293
F36,7/23/12,15:27,500287,3592430,156
F36,7/25/12,11:27,500393,3592538,151
F36,7/27/12,9:37,500269,3592402,184
F36,7/30/12,20:13,500403,3592508,171
F36,8/1/12,8:59,500246,3592556,164
F36,8/3/12,9:49,500368,3592418,184
F36,8/11/12,17:37,500203,3592602,247
F36,8/15/12,8:33,500490,3592603,287
F36,8/17/12,9:44,500488,3592600,4
F36,8/27/12,13:05,500488,3592600,0
F36,9/1/12,18:11,500266,3592399,299
F36,9/7/12,15:01,500268,3592404,5
F36,9/20/12,12:05,500268,3592546,142
F36,9/29/12,20:57,500566,3592617,306
F36,10/5/12,17:19,500576,3592633,19
F36,10/17/12,15:11,500556,3592694,64
F36,10/29/12,17:32,500406,3592869,230
F36,11/3/12,10:16,500406,3592869,0
F36,11/11/12,11:35,500406,3592869,0
F36,11/26/12,17:16,500411,3592883,15
F36,12/8/12,14:24,500413,3592886,4
F36,12/17/12,11:58,500413,3592886,0
F36,12/21/12,10:55,500411,3592885,2
F36,12/28/12,11:59,500411,3592885,0
F36,1/10/13,14:29,500416,3592885,5
F36,1/25/13,12:15,500416,3592885,0
F36,2/7/13,14:09,500413,3592884,3
F36,2/21/13,13:57,500413,3592883,1
F36,3/10/13,12:57,500410,3592885,4
F36,3/21/13,13:15,500287,3592463,440
F66,5/2/07,0:00,500884,3592322,NA
F66,5/3/07,0:00,500884,3592322,0
F66,5/6/07,0:00,500908,3592594,273
F66,5/13/07,0:00,500970,3592386,217
F66,5/17/07,0:00,500864,3592281,149
F66,5/23/07,0:00,500969,3592387,149
F66,6/1/07,0:00,500971,3592388,2
F66,6/5/07,0:00,500971,3592388,0
F66,6/10/07,0:00,500971,3592388,0
F66,6/12/07,0:00,500971,3592388,0
F66,6/20/07,0:00,500971,3592388,0
F66,6/27/07,0:00,501003,3592171,219
F66,7/3/07,0:00,501034,3592183,33
F66,7/5/07,0:00,501034,3592183,0
F66,7/18/07,0:00,501034,3592183,0
F66,7/19/07,0:00,501034,3592183,0
F66,8/16/07,0:00,500850,3592094,204
F66,8/19/07,0:00,501019,3592172,186
F66,8/22/07,0:00,500883,3591881,321
F66,8/27/07,0:00,500869,3592011,131
F66,8/28/07,0:00,500869,3592011,0
F66,8/30/07,0:00,500747,3592178,207
F66,4/9/08,12:39,501088,3592253,349
F66,4/16/08,11:44,501079,3592173,81
F66,4/22/08,8:17,501088,3592253,81
F66,4/23/08,9:32,501088,3592253,0
F66,4/24/08,10:07,501088,3592253,0
F66,4/25/08,10:15,501091,3592147,106
F66,5/1/08,13:30,500901,3592079,202
F66,5/2/08,13:30,500910,3591999,81
F66,5/5/08,11:15,501020,3592172,205
F66,5/7/08,9:53,501058,3592243,81
F66,5/8/08,9:52,501058,3592243,0
F66,5/12/08,20:40,501058,3592243,0
F66,5/20/08,10:30,501058,3592243,0
F66,5/21/08,19:18,501058,3592243,0
F66,5/24/08,19:06,501091,3592246,33
F66,5/26/08,19:33,500878,3592579,395
F66,5/28/08,20:00,500878,3592579,0
F66,6/2/08,20:35,500878,3592579,0
F66,6/3/08,21:12,500878,3592579,0
F66,6/6/08,19:51,500878,3592579,0
F66,6/9/08,19:02,500878,3592579,0
F66,6/11/08,22:07,500878,3592579,0
F66,6/19/08,20:47,500878,3592583,4
F66,6/21/08,20:58,500877,3592579,4
F66,6/22/08,22:18,500877,3592579,0
F66,6/24/08,20:42,500877,3592579,0
F66,6/28/08,20:41,501073,3592200,427
F66,6/30/08,20:15,501037,3592181,41
F66,7/8/08,7:17,501005,3592171,34
F66,7/14/08,22:24,500908,3592153,99
F66,7/15/08,22:12,500888,3591876,278
F66,7/17/08,7:42,501053,3592242,401
F66,7/22/08,22:50,500901,3592043,250
F66,7/26/08,8:08,500985,3592286,257
F66,7/29/08,10:04,500870,3592268,116
F66,8/4/08,21:52,500949,3591988,291
F66,8/11/08,22:20,501012,3592036,79
F66,8/25/08,20:16,500942,3592129,116
F66,9/2/08,9:35,500901,3592073,69
F66,9/6/08,20:52,500929,3592350,278
F66,9/11/08,9:36,500931,3592063,287
F66,9/18/08,9:03,501058,3592219,201
F66,9/19/08,20:30,501058,3592219,0
F66,9/25/08,9:42,500867,3592592,419
F66,9/29/08,11:24,500936,3592647,88
F66,10/4/08,16:41,500933,3592648,3
F66,10/10/08,10:47,500933,3592647,1
F66,10/17/08,16:18,500985,3592582,83
F66,10/23/08,15:54,500985,3592582,0
F66,11/8/08,13:57,500972,3592615,35
F66,3/14/09,0:00,500920,3592553,81
F66,3/17/09,0:00,500920,3592553,0
F66,3/28/09,0:00,500971,3592408,154
F66,4/9/09,0:00,501088,3592253,194
F66,4/9/09,0:00,501084,3592254,4
F66,4/10/09,0:00,501084,3592254,0
F66,4/11/09,0:00,501084,3592254,0
F66,4/13/09,0:00,501057,3592295,49
F66,4/16/09,0:00,500870,3592391,210
F66,4/17/09,0:00,500870,3592391,0
F66,4/18/09,0:00,500870,3592391,0
F66,4/20/09,0:00,500862,3592384,11
F66,4/23/09,0:00,501077,3592168,305
F66,4/30/09,0:00,500897,3592050,215
F66,5/11/09,0:00,500902,3592311,261
F66,5/12/09,0:00,500958,3592369,81
F66,5/12/09,0:00,500948,3592352,20
F66,5/13/09,0:00,500948,3592352,0
F66,5/13/09,0:00,500948,3592352,0
F66,5/13/09,0:00,500895,3592279,90
F66,5/14/09,0:00,500895,3592279,0
F66,5/18/09,0:00,501015,3592179,156
F66,5/19/09,0:00,501015,3592179,0
F66,5/20/09,0:00,501015,3592179,0
F66,5/22/09,0:00,501015,3592179,0
F66,5/23/09,0:00,501015,3592179,0
F66,5/23/09,0:00,501023,3592204,26
F66,5/25/09,0:00,501023,3592204,0
F66,6/4/09,0:00,501023,3592204,0
F66,6/9/09,0:00,501023,3592204,0
F66,6/10/09,0:00,501023,3592204,0
F66,6/11/09,0:00,501023,3592204,0
F66,6/12/09,0:00,501023,3592204,0
F66,6/13/09,0:00,501023,3592204,0
F66,6/15/09,0:00,501023,3592204,0
F66,6/16/09,0:00,501023,3592204,0
F66,6/17/09,0:00,501023,3592204,0
F66,6/26/09,0:00,501036,3592185,23
F66,7/1/09,20:26,501035,3592185,1
F66,7/9/09,0:00,501034,3592173,12
F66,7/10/09,23:20,501043,3592185,15
F66,7/20/09,0:00,500991,3592209,57
F66,7/22/09,23:14,501020,3592211,29
F66,7/29/09,0:59,500869,3592011,251
F66,8/1/09,0:00,501034,3592173,231
F66,8/4/09,23:54,501012,3592159,26
F66,8/6/09,23:06,501016,3592169,11
F66,8/7/09,23:15,500946,3592125,83
F66,8/11/09,0:00,500942,3592124,4
F66,8/19/09,23:11,500939,3591996,128
F66,8/26/09,21:25,500881,3592044,75
F66,8/30/09,1:05,500869,3592011,35
F66,8/31/09,23:17,500799,3592344,340
F66,9/1/09,20:36,500805,3592332,13
F66,9/5/09,23:00,500858,3592295,65
F66,9/9/09,0:00,501031,3592089,269
F66,9/9/09,9:10,501037,3592087,6
F66,9/15/09,6:55,501037,3592087,0
F66,9/23/09,9:26,501058,3592581,494
F66,9/24/09,18:20,501058,3592581,0
F66,9/30/09,9:33,501053,3592574,9
F66,10/6/09,18:24,501056,3592572,4
F66,10/10/09,15:39,501054,3592574,3
F66,10/18/09,18:22,501013,3592532,59
F66,10/25/09,13:41,501013,3592532,0
F66,10/31/09,11:35,501013,3592519,13
F66,11/8/09,15:05,500983,3592582,70
F66,11/14/09,0:00,501011,3592534,56
F66,11/29/09,14:35,500983,3592582,56
F66,12/13/09,13:53,500983,3592582,0
F66,3/25/10,16:35,500933,3592579,50
F66,4/9/10,11:16,500999,3592261,325
F66,5/7/10,17:10,500934,3592092,181
F66,5/15/10,14:53,501031,3592213,155
F66,6/7/10,15:55,501031,3592213,0
F66,6/12/10,17:19,501031,3592213,0
F66,6/17/10,8:52,501031,3592213,0
F66,6/22/10,22:33,501031,3592213,0
F66,6/25/10,18:31,500938,3592305,131
F66,6/26/10,21:37,500992,3592130,183
F66,6/28/10,20:37,501005,3592174,46
F66,7/2/10,19:49,501037,3592180,33
F66,7/4/10,22:23,501035,3592179,2
F66,7/6/10,22:39,501037,3592183,4
F66,7/7/10,22:16,501034,3592187,5
F66,7/8/10,20:37,501033,3592182,5
F66,7/9/10,19:04,501033,3592182,0
F66,7/9/10,22:03,501033,3592182,0
F66,7/11/10,22:29,501040,3592170,14
F66,7/12/10,20:30,501042,3592192,22
F66,7/13/10,22:21,501042,3592192,0
F66,7/15/10,22:58,501042,3592192,0
F66,7/16/10,8:14,501042,3592192,0
F66,7/18/10,23:49,501028,3592187,15
F66,7/18/10,21:50,501086,3592131,81
F66,7/18/10,8:46,501042,3592192,75
F66,7/19/10,7:26,501040,3592170,22
F66,7/22/10,11:22,501040,3592170,0
F66,7/23/10,23:29,500915,3592348,218
F66,7/25/10,21:16,500888,3592248,104
F66,7/26/10,6:37,501032,3592183,158
F66,7/26/10,21:15,501045,3592179,14
F66,7/28/10,7:39,501030,3592180,15
F66,7/28/10,1:24,501034,3592183,5
F66,8/1/10,23:27,501030,3592180,5
F66,8/9/10,19:44,500938,3591967,232
F66,8/16/10,22:51,500859,3591782,201
F66,8/17/10,22:02,500808,3591730,73
F66,8/18/10,21:29,500723,3591971,256
F66,8/22/10,23:52,500884,3592100,206
F66,8/23/10,10:44,500869,3592011,90
F66,8/23/10,23:03,500935,3591630,387
F66,9/2/10,0:13,500635,3591777,334
F66,9/2/10,10:58,500508,3591837,140
F66,9/8/10,21:09,500883,3591873,377
F66,9/15/10,9:03,500794,3592036,186
F66,9/16/10,22:18,500794,3592036,0
F66,9/23/10,20:56,500990,3592374,391
F66,9/27/10,10:32,500981,3592371,9
F66,10/2/10,18:26,500950,3592417,55
F66,10/8/10,10:03,501011,3592528,127
F66,10/19/10,15:24,501016,3592533,7
F66,10/22/10,14:04,501016,3592533,0
F66,1/12/11,9:56,500972,3592595,76
F66,4/11/11,11:57,501030,3592212,NA
F66,4/19/11,11:35,501057,3592234,35
F66,4/29/11,9:09,500928,3592047,227
F66,5/12/11,12:32,500829,3591994,112
M67,5/2/07,0:00,501931,3592741,NA
M67,5/17/07,0:00,501994,3592682,86
M67,5/23/07,0:00,501829,3592405,322
M67,6/1/07,0:00,501694,3592532,185
M67,6/5/07,0:00,501784,3592564,96
M67,6/20/07,0:00,501804,3592297,268
M67,6/27/07,0:00,501830,3592477,182
M67,7/3/07,0:00,501830,3592477,0
M67,7/5/07,0:00,501823,3592629,152
M67,7/18/07,0:00,501823,3592629,0
M67,7/19/07,0:00,501832,3592486,143
M67,8/1/07,0:00,501987,3592617,203
M67,8/16/07,0:00,501709,3592707,292
M67,8/22/07,0:00,502205,3592591,509
M67,8/27/07,0:00,501887,3592751,356
M67,8/30/07,0:00,501987,3592753,100
M69,5/2/07,0:00,499906,3592517,NA
M69,5/3/07,0:00,499906,3592517,0
M69,5/6/07,0:00,499906,3592517,0
M69,5/13/07,0:00,499836,3592589,100
M69,5/17/07,0:00,499781,3592492,112
M69,5/23/07,0:00,499781,3592492,0
M69,6/1/07,0:00,499553,3592815,395
M69,8/11/09,19:37,501150,3591799,1893
M69,8/17/09,20:30,501150,3591799,0
M69,8/28/09,23:58,501091,3592612,815
M69,8/30/09,10:23,501091,3592612,0
M69,9/1/09,22:31,501074,3592602,20
M69,9/9/09,20:45,501076,3592600,3
M69,9/15/09,20:43,501076,3592600,0
M69,9/23/09,9:45,501090,3592612,18
M69,9/24/09,18:30,501087,3592617,6
M69,9/30/09,9:51,501091,3592613,6
M69,10/6/09,18:06,501095,3592611,4
M69,10/10/09,16:15,501110,3592615,16
M69,10/18/09,17:50,501095,3592611,16
M69,10/25/09,13:14,501095,3592611,0
M69,10/31/09,11:56,501095,3592611,0
M69,11/8/09,15:27,501065,3592610,30
M69,11/14/09,0:00,501083,3592640,35
M69,11/29/09,14:07,501065,3592610,35
M69,12/13/09,14:17,501082,3592636,31
M69,12/22/09,11:10,501082,3592636,0
M69,3/25/10,17:22,501207,3592418,251
M69,4/5/10,15:41,501141,3592501,106
M69,5/6/10,12:50,501334,3592152,399
M69,5/14/10,11:20,501319,3592321,170
M69,6/2/10,12:12,501336,3592206,116
M69,6/12/10,17:47,501102,3592259,240
M69,6/17/10,8:15,501037,3592339,103
M69,6/22/10,8:04,501040,3592340,3
M69,6/23/10,8:45,501039,3592342,2
M69,6/26/10,20:15,501146,3592361,109
M69,6/27/10,21:03,501126,3592384,30
M69,6/27/10,0:01,501131,3592384,5
M69,7/2/10,21:08,501207,3592295,117
M69,7/3/10,20:29,501311,3592181,154
M69,7/4/10,19:13,501310,3592176,5
M69,7/6/10,23:23,501232,3592188,79
M69,7/8/10,10:30,501313,3592179,81
M69,7/8/10,2:00,501311,3592162,17
M69,7/9/10,19:27,501311,3592162,0
M69,7/12/10,21:34,501315,3592183,21
M69,7/15/10,7:04,501154,3591952,282
M69,7/18/10,21:06,501315,3592158,261
M69,7/19/10,0:18,501218,3592136,99
M69,7/20/10,9:00,501082,3592155,137
M69,7/20/10,21:40,501033,3592000,163
M69,7/22/10,23:36,501036,3592015,15
M69,7/23/10,22:24,500999,3591800,218
M69,7/23/10,9:41,501036,3592015,218
M69,8/2/10,21:15,501211,3591983,178
M69,8/2/10,1:15,501213,3591984,2
M69,8/9/10,19:15,501212,3591986,2